nombre,comuna,rubro,telefono,instagram,facebook,web,senales_vida,fuente
La Cafetería,Talca,cafetería,+56 71 221 2119,,https://www.facebook.com/La-Cafetería-1473057986276588/,https://lacafeteriatalca.cl,"Ficha con 4,7/5 y 2.185 reseñas; contacto y horarios publicados","Google Maps/directorio + sitio oficial"
Ramona Café,Talca,cafetería,+56 9 5617 0049,,,https://ramonacafe.cl,"Sitio oficial actualizado con dos locales, carta y horarios; contacto móvil publicado","sitio oficial + Google Maps"
Duo Coffee & Bread,Talca,cafetería/pizzería,+56 71 238 1193,,,,"Ficha con 4,0/5 y 1.064 evaluaciones; menú y actualización enero-2026 visibles","Google Maps/directorio + menú público"
Donde Alex,Talca,restaurante,+56 9 8250 9977,,,, "Ficha con 4,7/5 y 1.248 reseñas; teléfono móvil publicado","Google Maps/directorio"
Donde Paulo Restaurante,Talca,restaurante,+56 9 5961 9912,,,, "Ficha con 4,2/5 y 628 reseñas; local reabierto/activo según ficha pública","Google Maps/directorio + prensa local"
El Gabo,Talca,cafetería,+56 71 221 0214,,,, "Ficha pública con dirección 1 Oriente 1270 y teléfono fijo; negocio local de cafetería","Google Maps/directorio"
Veterinaria Lavaudog,Talca,veterinaria/peluquería canina,+56 9 6313 0932,,,https://peluqueriacaninachile.cl/catalogo/talca/veterinario/veterinaria-lavaudog-peluqueria-canina-4150/,"Ficha con contacto móvil, servicios y enlace a Instagram del negocio","Google Maps + directorio"
Iron Element Training,Talca,gimnasio,+56 9 7277 1791,https://www.instagram.com/ironelement_talca/,,, "Instagram de la marca y ficha con dirección/teléfono; publicaciones de entrenamiento","Google Maps + Instagram"
Centro Turístico Rayen,San Clemente,cabañas/camping/turismo,+56 9 9199 6293,,,https://centroturisticorayen.cl,"Sitio oficial con cabañas, camping, hostería y enlaces a Facebook/Instagram; WhatsApp publicado","sitio oficial + Google Maps"
Cabañas Las Lomas,San Clemente,cabañas,+56 9 9776 1672,,,https://cabanaslaslomas.cl,"Sitio oficial con ubicación, piscina y WhatsApp; ficha pública con contacto coincidente","Google Maps + sitio oficial"
La Cocina de Leticia,San Clemente,restaurante/hospedaje,+56 9 8905 7184,,,, "Ficha con 4,4/5, dirección en ruta CH-115 y teléfono móvil publicado","Google Maps/directorio gastronómico"
Blanca Marti,Maule,restaurante/cafetería,+56 9 9600 6518,,,, "Ficha con 4,9/5 y 26 opiniones; teléfono y dirección local publicados","Google Maps/directorio gastronómico"
Los Treinta y Tantos,Maule,restaurante,+56 9 4472 6920,,,, "Ficha con 4,1/5 y 104 reseñas; contacto móvil publicado","Google Maps/directorio gastronómico"
El Gustoso Maule,Maule,comida rápida,+56 9 8955 5654,,,, "Ficha con 4,8/5 y 30 reseñas; contacto móvil publicado","Google Maps/directorio gastronómico"
Los Ganaderos,Maule,restaurante,+56 71 263 1110,,,, "Ficha con 4,0/5 y 4.733 reseñas; teléfono fijo publicado","Google Maps/directorio gastronómico"
Parrilladas Caupolicán,Pencahue,restaurante/parrilla,+56 9 8919 8149,,,, "Ficha con 4,4/5 y 816 reseñas; teléfono móvil y dirección K-60 publicados","Google Maps/directorio gastronómico"
Restaurant El Encuentro,Pencahue,restaurante,+56 9 8164 2326,,,, "Ficha con 4,8/5 y 36 reseñas; teléfono móvil publicado","Google Maps/directorio gastronómico"
Cocinería Los Troncos,Pencahue,cocinería,+56 9 8164 2326,,,, "Ficha con 4,0/5 y 21 reseñas; número publicado en ficha pública","Google Maps/directorio gastronómico"
Paco'mer,Pencahue,comida rápida,+56 9 7928 1337,,,, "Ficha con 4,2/5 y 41 reseñas; ubicación K-60/K-660 y móvil publicados","Google Maps/directorio gastronómico"
El Fogón de Río Claro,Río Claro,hospedaje/restaurante/cafetería,+56 9 9448 2297,,,https://serviciosturisticos.sernatur.cl/20347-el-fogon-de-rio-claro,"Registro SERNATUR con teléfono, restaurante y hospedaje; ficha pública con 9,4/10 y 244 reseñas","SERNATUR + Google Maps"
El Roto Quezada,Río Claro,restaurante,+56 9 6611 1085,,,, "Ficha con 4,3/5 y 138 reseñas; teléfono móvil publicado","Google Maps/directorio gastronómico"
El Pollo Farsante,Río Claro,restaurante,+56 9 9795 7024,,,, "Ficha con 4,2/5 y 123 reseñas; ubicación rural y teléfono móvil publicados","Google Maps/directorio gastronómico"
Las Puertas del Paraíso,Río Claro,restaurante,+56 9 7879 2609,,,, "Ficha con 4,1/5 y 911 reseñas; teléfono móvil publicado","Google Maps/directorio gastronómico"
RukaLauken Food & Drinks,Colbún,restaurante/cafetería,+56 9 7555 4749,,,, "Ficha con 4,4/5 y 354 reseñas; local y teléfono móvil publicados","Google Maps/directorio gastronómico"
Catedral Restaurant,Colbún,restaurante,+56 9 5018 1852,,,, "Ficha con 4,3/5 y 63 reseñas; teléfono móvil publicado","Google Maps/directorio gastronómico"
Restaurant Koyotte Grill,Colbún,restaurante/parrilla,+56 9 3957 0154,,,, "Ficha con 4,8/5 y 32 reseñas; teléfono móvil publicado","Google Maps/directorio gastronómico"
Restaurant El Yugo,Colbún,bar/parrilla,+56 9 8241 6164,,,, "Ficha con 4,3/5 y 101 reseñas; teléfono móvil publicado","Google Maps/directorio gastronómico"
Mily Restaurant,San Javier,restaurante,+56 9 8799 6753,,,, "Ficha con 4,0/5 y 167 reseñas; teléfono móvil y dirección publicados","Google Maps/directorio gastronómico"
Rico's Restaurant,San Javier,restaurante,+56 9 7513 0588,,,, "Ficha con 4,4/5 y 401 reseñas; teléfono móvil publicado","Google Maps/directorio gastronómico"
Restaurante Mar y Tierra,San Javier,restaurante,+56 9 7974 6629,,,, "Ficha con 4,5/5 y 46 reseñas; teléfono móvil publicado","Google Maps/directorio gastronómico"
Como en Perú,San Javier,restaurante peruano,+56 9 7275 4189,,,, "Ficha con 4,5/5 y 417 reseñas; teléfono móvil publicado","Google Maps/directorio gastronómico"
La Casona,Villa Alegre,restaurante,+56 9 9149 4818,,,,"Directorio turístico municipal con dirección, teléfono y descripción de comida típica","turismo municipal + Google Maps"
El Bajito,Villa Alegre,restaurante,+56 9 9315 6646,,,,"Directorio turístico municipal con dirección, teléfono y comida casera; ficha local pública","turismo municipal + Google Maps"
El Mexicano,Villa Alegre,restaurante mexicano,+56 9 8691 7510,https://www.instagram.com/elmexicanodevillaalegre/,https://www.facebook.com/elmexicanodevillaalegre/,,"Directorio municipal enlaza ambos perfiles; horario todo el año y contacto móvil publicados","turismo municipal + Instagram + Facebook"
Raíces Villalegrinas,Villa Alegre,productos locales/licores artesanales,+56 9 9891 82572,https://www.instagram.com/raicesvillalegrinas/,https://www.facebook.com/raices.villalegrinas,https://raicesvillalegrinas.cl,"Directorio municipal enlaza Instagram/Facebook y sitio; productos artesanales y contacto publicados","turismo municipal + redes sociales"
La Maestranza,Villa Alegre,pizzería,+56 9 7816 8936,,,, "Ficha con 5,0/5 y 14 reseñas; teléfono móvil publicado","Google Maps/directorio gastronómico"
Plaza Recova Cafetería y Restaurant,Yerbas Buenas,cafetería/restaurante,+56 9 9701 2636,,,, "Ficha con 3,7/5 y 10 reseñas; teléfono móvil y dirección en Plaza Recova publicados","Google Maps/directorio gastronómico"
Restaurant Pehuén,Yerbas Buenas,restaurante,+56 9 8509 8032,,,, "Registro SERNATUR con dos teléfonos, dirección y correo; ficha pública local","SERNATUR + Google Maps"
Club Social Yerbas Buenas,Yerbas Buenas,restaurante,+56 73 248 9528,,,, "Ficha con 4,8/5 y 13 reseñas; teléfono fijo publicado","Google Maps/directorio gastronómico"
Somos Yerbas Buenas,Yerbas Buenas,cocinería/turismo,+56 9 7543 5658,,,https://somosyerbasbuenas.com,"Sitio activo con cocinería, delivery, actividades y contacto móvil","sitio oficial + Google Maps"
