nombre,comuna,rubro,telefono,instagram,facebook,web,señales_vida,fuente
El Tumbaito,Linares,restaurante,+56 73 221 8077,,,,"4,4/5 con 1003 reseñas; ficha local con dirección y teléfono coincidentes","Google Maps vía Restaurantess + ChiloPina"
Spanish Stadium Linares,Linares,restaurante,+56 73 222 9293,,,,"4,4/5 con 552 reseñas; ficha activa con dirección y teléfono coincidentes","Google Maps vía Restaurantess"
Vaivén - Bar Restaurant,Linares,bar y parrilla,+56 9 8989 3360,,,https://vaivenlinares.cl/,"web propia vigente con horarios y WhatsApp; ficha 4,5/5 con 186 reseñas","web oficial + Google Maps vía Restaurantess"
Rosita Cocina Chilena,Linares,restaurante,+56 73 221 5868,,https://www.facebook.com/rositacocinachilena,,"4,6/5 con 61 reseñas; página de Facebook identificada para el mismo local y dirección","Google Maps vía Restaurantess + ChiloPina + Facebook"
Oveja Negra Linares,Linares,restobar,+56 9 4038 3474,,,,"4,7/5 con 15 reseñas; razón social y dirección del local coinciden","Google Maps vía Restaurantess + registro ChilePymes"
Bajón De La Alameda,Linares,comida rápida,+56 73 262 2780,,,,"4,4/5 con 597 reseñas; ficha SERNATUR con dirección y teléfono","Google Maps vía Restaurantess + SERNATUR"
El Alero de Anita,Linares,restaurante,+56 9 4995 7757,,,,"4,5/5 con 11 reseñas; ficha con nombre, dirección y celular coincidentes","Google Maps vía Restaurantess"
Don Pablo Cafetería,Linares,cafetería,,,,,"4,2/5 con 21 reseñas; ficha con dirección O'Higgins 495","Google Maps vía Restaurantess"
Las Malvinas,Longaví,restaurante,+56 9 8143 8133,,,,"4,6/5 con 1837 reseñas; registro SERNATUR con teléfono celular y dirección","Google Maps vía Restaurantess + SERNATUR"
Hostería Alcázar,Longaví,hostería y restaurante,+56 9 4276 3500,https://www.instagram.com/malaga.linares,https://www.facebook.com/malaga.linares,https://malagalinares.cl/,"ficha 4,3/5 con 1176 reseñas; Instagram, Facebook y web asociados al negocio","Google Maps vía Restaurantess + perfiles sociales y web indexados"
Restaurant Rancho Longaví,Longaví,restaurante,+56 73 241 1590,,,,"4,0/5 con 41 reseñas; ficha con dirección Ruta 5 Sur y teléfono","Google Maps vía Restaurantess + ChiloPina"
Restaurant El Rancho,Longaví,restaurante,+56 9 8131 2026,,,,"4,4/5 con 14 reseñas; ficha con celular y dirección Panamericana Sur 3145","Google Maps vía Restaurantess"
El Sauce - Mote Con Huesillo,Longaví,comida típica,+56 9 9351 6570,,,,"4,3/5 con 94 reseñas; ficha con teléfono y ubicación Ruta 5","Google Maps vía Restaurantess + directorio local"
Restaurant Almendra,Longaví,restaurante,,,,,"4,7/5 con 73 reseñas; ficha activa en Longaví aunque no publica teléfono","Google Maps vía Restaurantess"
Aroma y Sabor Restorant,Retiro,restaurante,+56 9 4499 1711,,,,"4,6/5 con 80 reseñas; 88 opiniones en ficha alternativa y dirección Villa Rinconada coincidente","Google Maps vía Restaurantess + ChiloPina"
Cazuelas Day's,Retiro,restaurante,+56 9 8298 8900,,,,"4,5/5 con 133 reseñas; ficha de Ruta 5 Km 328 con celular","Google Maps vía Restaurantess + ChiloPina"
Restaurante Alemán Nueva Baviera,Retiro,restaurante,+56 73 246 5736,,,,"4,3/5 con 1610 reseñas; ficha con ubicación El Membrillo","Google Maps vía Restaurantess"
Restaurante Rucaray,Retiro,restaurante,+56 73 229 8547,,,,"4,6/5 con 49 reseñas; teléfono publicado y ubicación L-751","Google Maps vía Restaurantess"
Food Truck Algo Diferente,Retiro,food truck,+56 9 6332 4640,,,,"5,0/5 con 12 reseñas; ficha con ubicación junto al peaje de Retiro","Google Maps vía Restaurantess"
Baires Café,Parral,cafetería,+56 9 7932 7035,,,,"4,7/5 con 101 reseñas; ficha con dirección Av. Arturo Prat 355","Google Maps vía Restaurantess"
Frontera Cafe,Parral,cafetería,+56 9 8748 8481,,,,"4,8/5 con 15 reseñas; ficha con local en Av. Aníbal Pinto 328","Google Maps vía Restaurantess"
Cactu Cafe,Parral,cafetería,+56 9 5527 7461,,,,"4,7/5 con 19 reseñas; ficha con local 104 en Av. Aníbal Pinto 715","Google Maps vía Restaurantess"
El Carrito,Parral,comida rápida,+56 9 6916 7974,,,,"4,4/5 con 306 reseñas; ficha activa con celular","Google Maps vía Restaurantess"
Comida Rápida Mexicana,Parral,comida rápida,+56 9 9201 1921,,,,"4,7/5 con 43 reseñas; ficha con dirección C. Urrutia 280","Google Maps vía Restaurantess"
Sushi Gou,Parral,restaurante de sushi,+56 9 4452 9841,,,,"4,3/5 con 50 reseñas; ficha con dirección Av. Las Delicias Sur","Google Maps vía Restaurantess"
Cafetería Los Nogales,San Rafael,cafetería y heladería,+56 9 8727 2269,,,https://www.cafeterialosnogales.cl/,"web propia vigente con dirección y teléfono; ficha 5,0/5","web oficial + Google Maps vía Restaurantess"
Paila Con Huevos,San Rafael,restaurante,+56 9 8779 6054,,,,"4,4/5 con 256 reseñas; ficha con celular y comuna coincidentes","Google Maps vía Restaurantess"
Desayunos el 225,San Rafael,desayunos,+56 9 8631 2593,,,,"4,9/5 con 9 reseñas; ficha con celular y ubicación Los Aromos","Google Maps vía Restaurantess"
